year,award,caucasianAmerican,movie,image
1928,Actor in a Leading Role,Richard Barthelmess,The Noose and The Patent Leather Kid,https://kaway169.github.io/ci19/studio/collection/images/richardbarthelmess.gif
1929,Actor in a Leading Role,Warner Baxter,In Old Arizona,https://kaway169.github.io/ci19/studio/collection/images/warnerbaxter.gif
1929,Actor in a Leading Role,George Bancroft,Thunderbolt,https://kaway169.github.io/ci19/studio/collection/images/georgebancroft.png
1929,Actor in a Leading Role,Chester Morris,Alibi,https://kaway169.github.io/ci19/studio/collection/images/chestermorris.gif
1929,Actor in a Leading Role,Paul Muni,The Valiant,https://kaway169.github.io/ci19/studio/collection/images/paulmuni.gif
1929,Actor in a Leading Role,Lewis Stone,The Patriot,https://kaway169.github.io/ci19/studio/collection/images/lewisstone.gif
1930,Actor in a Leading Role,Wallace Beery,The Big House,https://kaway169.github.io/ci19/studio/collection/images/wallacebeery.gif
1930,Actor in a Leading Role,Lawrence Tibbett,The Rogue Song,https://kaway169.github.io/ci19/studio/collection/images/lawrencetibbett.jpg
1931,Actor in a Leading Role,Lionel Barrymore,A Free Soul,https://kaway169.github.io/ci19/studio/collection/images/lionelbarrymore.gif
1931,Actor in a Leading Role,Jackie Cooper,Skippy,https://kaway169.github.io/ci19/studio/collection/images/jackiecooper.gif
1931,Actor in a Leading Role,Richard Dix,Cimarron,https://kaway169.github.io/ci19/studio/collection/images/richarddix.gif
1931,Actor in a Leading Role,Fredric March,The Royal Family of Broadway,https://kaway169.github.io/ci19/studio/collection/images/fredricmarch.gif
1931,Actor in a Leading Role,Adolphe Menjou,The Front Page,https://kaway169.github.io/ci19/studio/collection/images/adolphemenjou.gif
1932,Actor in a Leading Role,Wallace Beery,The Champ,https://kaway169.github.io/ci19/studio/collection/images/wallacebeery2.gif
1932,Actor in a Leading Role,Fredric March,Dr. Jekyll and Mr. Hyde,https://kaway169.github.io/ci19/studio/collection/images/fredricmarch.gif
1932,Actor in a Leading Role,Alfred Lunt,The Guardsman,https://kaway169.github.io/ci19/studio/collection/images/alfredlunt.gif
1933,Actor in a Leading Role,Charles Laughton,The Private Life of Henry VIII,https://kaway169.github.io/ci19/studio/collection/images/charleslaughton.gif
1933,Actor in a Leading Role,Paul Muni,I Am a Fugitive from a Chain Gang,https://kaway169.github.io/ci19/studio/collection/images/paulmuni.gif
1934,Actor in a Leading Role,Clark Gable,It Happened One Night,https://kaway169.github.io/ci19/studio/collection/images/clarkgable.gif
1934,Actor in a Leading Role,Frank Morgan,The Affairs of Cellini,https://kaway169.github.io/ci19/studio/collection/images/frankmorgan.gif
1934,Actor in a Leading Role,William Powell,The Thin Man,https://kaway169.github.io/ci19/studio/collection/images/williampowell.gif
1935,Actor in a Leading Role,Clark Gable,Mutiny on the Bounty,https://kaway169.github.io/ci19/studio/collection/images/clarkgable.gif
1935,Actor in a Leading Role,Franchot Tone,Mutiny on the Bounty,https://kaway169.github.io/ci19/studio/collection/images/franchottone.gif
1936,Actor in a Leading Role,Paul Muni,The Story of Louis Pasteur,https://kaway169.github.io/ci19/studio/collection/images/paulmuni.gif
1936,Actor in a Leading Role,Gary Cooper,Mr. Deeds Goes to Town,https://kaway169.github.io/ci19/studio/collection/images/garycooper.gif
1936,Actor in a Leading Role,William Powell,My Man Godfrey,https://kaway169.github.io/ci19/studio/collection/images/williampowell.gif
1936,Actor in a Leading Role,Spencer Tracy,San Francisco,https://kaway169.github.io/ci19/studio/collection/images/spencertracy.gif
1937,Actor in a Leading Role,Spencer Tracy,Captains Courageous,https://kaway169.github.io/ci19/studio/collection/images/spencertracy1.gif
1937,Actor in a Leading Role,Fredric March,A Star Is Born,https://kaway169.github.io/ci19/studio/collection/images/fredricmarch.gif
1937,Actor in a Leading Role,Robert Montgomery,Night Must Fall,https://kaway169.github.io/ci19/studio/collection/images/robertmontgomery.gif
1937,Actor in a Leading Role,Paul Muni,The Life of Emile Zola,https://kaway169.github.io/ci19/studio/collection/images/paulmuni.gif
1938,Actor in a Leading Role,Spencer Tracy,Boys Town,https://kaway169.github.io/ci19/studio/collection/images/spencertracy.gif
1938,Actor in a Leading Role,James Cagney,Angels with Dirty Faces,https://kaway169.github.io/ci19/studio/collection/images/jamescagney.gif
1939,Actor in a Leading Role,Clark Gable,Gone with the Wind,https://kaway169.github.io/ci19/studio/collection/images/clarkgable.gif
1939,Actor in a Leading Role,Mickey Rooney,Babes in Arms,https://kaway169.github.io/ci19/studio/collection/images/mickeyrooney.gif
1939,Actor in a Leading Role,James Stewart,Mr. Smith Goes to Washington,https://kaway169.github.io/ci19/studio/collection/images/jamesstewart.gif
1940,Actor in a Leading Role,James Stewart,The Philadelphia Story,https://kaway169.github.io/ci19/studio/collection/images/jamesstewart.gif
1940,Actor in a Leading Role,Henry Fonda,The Grapes of Wrath,https://kaway169.github.io/ci19/studio/collection/images/henryfonda.gif
1941,Actor in a Leading Role,Gary Cooper,Sergeant York,https://kaway169.github.io/ci19/studio/collection/images/garycooper.gif
1941,Actor in a Leading Role,Robert Montgomery,Here Comes Mr. Jordan,https://kaway169.github.io/ci19/studio/collection/images/robertmontgomery.gif
1941,Actor in a Leading Role,Orson Welles,Citizen Kane,https://kaway169.github.io/ci19/studio/collection/images/orsonwelles.gif
1942,Actor in a Leading Role,James Cagney,Yankee Doodle Dandy,https://kaway169.github.io/ci19/studio/collection/images/jamescagney.gif
1942,Actor in a Leading Role,Gary Cooper,The Pride of the Yankees,https://kaway169.github.io/ci19/studio/collection/images/garycooper.gif
1942,Actor in a Leading Role,Monty Woolley,The Pied Piper,https://kaway169.github.io/ci19/studio/collection/images/montywoolley.gif
1943,Actor in a Leading Role,Humphrey Bogart,Casablanca,https://kaway169.github.io/ci19/studio/collection/images/humphreybogart.gif
1943,Actor in a Leading Role,Gary Cooper,For Whom the Bell Tolls,https://kaway169.github.io/ci19/studio/collection/images/garycooper.gif
1943,Actor in a Leading Role,Mickey Rooney,The Human Comedy,https://kaway169.github.io/ci19/studio/collection/images/mickeyrooney.gif
1944,Actor in a Leading Role,Bing Crosby,Going My Way,https://kaway169.github.io/ci19/studio/collection/images/bingcrosby.gif
1945,Actor in a Leading Role,Bing Crosby,The Bells of St. Mary's,https://kaway169.github.io/ci19/studio/collection/images/bingcrosby.gif
1945,Actor in a Leading Role,Gene Kelly,Anchors Aweigh,https://kaway169.github.io/ci19/studio/collection/images/genekelly.gif
1945,Actor in a Leading Role,Gregory Peck,The Keys of the Kingdom,https://kaway169.github.io/ci19/studio/collection/images/gregorypeck.gif
1946,Actor in a Leading Role,Fredric March,The Best Years of Our Lives,https://kaway169.github.io/ci19/studio/collection/images/fredricmarch.gif
1946,Actor in a Leading Role,Larry Parks,The Jolson Story,https://kaway169.github.io/ci19/studio/collection/images/larryparks.jpg
1946,Actor in a Leading Role,Gregory Peck,The Yearling,https://kaway169.github.io/ci19/studio/collection/images/gregorypeck.gif
1946,Actor in a Leading Role,James Stewart,It's a Wonderful Life,https://kaway169.github.io/ci19/studio/collection/images/jamesstewart.gif
1947,Actor in a Leading Role,John Garfield,Body and Soul,https://kaway169.github.io/ci19/studio/collection/images/johngarfield.jpeg
1947,Actor in a Leading Role,Gregory Peck,Gentleman's Agreement,https://kaway169.github.io/ci19/studio/collection/images/gregorypeck.gif
1947,Actor in a Leading Role,William Powell,Life with Father,https://kaway169.github.io/ci19/studio/collection/images/williampowell.gif
1948,Actor in a Leading Role,Lew Ayres,Johnny Belinda,https://kaway169.github.io/ci19/studio/collection/images/lewayres.jpg
1948,Actor in a Leading Role,Montgomery Clift,The Search,https://kaway169.github.io/ci19/studio/collection/images/montgomeryclift.gif
1948,Actor in a Leading Role,Dan Dailey,When My Baby Smiles at Me,https://kaway169.github.io/ci19/studio/collection/images/dandailey.gif
1948,Actor in a Leading Role,Clifton Webb,Sitting Pretty,https://kaway169.github.io/ci19/studio/collection/images/cliftonwebb.jpg
1949,Actor in a Leading Role,Broderick Crawford,All the King's Men,https://kaway169.github.io/ci19/studio/collection/images/broderickcrawford.jpg
1949,Actor in a Leading Role,Kirk Douglas,Champion,https://kaway169.github.io/ci19/studio/collection/images/kirkdouglas.gif
1949,Actor in a Leading Role,Gregory Peck,Twelve O'Clock High,https://kaway169.github.io/ci19/studio/collection/images/gregorypeck.gif
1949,Actor in a Leading Role,John Wayne,Sands of Iwo Jima,https://kaway169.github.io/ci19/studio/collection/images/johnwayne.gif
1950,Actor in a Leading Role,Louis Calhern,The Magnificent Yankee,https://kaway169.github.io/ci19/studio/collection/images/louiscalhern.jpg
1950,Actor in a Leading Role,William Holden,Sunset Boulevard,https://kaway169.github.io/ci19/studio/collection/images/williamholden.gif
1950,Actor in a Leading Role,James Stewart,Harvey,https://kaway169.github.io/ci19/studio/collection/images/jamesstewart.gif
1950,Actor in a Leading Role,Spencer Tracy,Father of the Bride,https://kaway169.github.io/ci19/studio/collection/images/spencertracy.gif
1951,Actor in a Leading Role,Humphrey Bogart,The African Queen,https://kaway169.github.io/ci19/studio/collection/images/humphreybogart.gif
1951,Actor in a Leading Role,Marlon Brando,A Streetcar Named Desire,https://kaway169.github.io/ci19/studio/collection/images/marlonbrando.gif
1951,Actor in a Leading Role,Montgomery Clift,A Place in the Sun,https://kaway169.github.io/ci19/studio/collection/images/montgomeryclift.gif
1951,Actor in a Leading Role,Arthur Kennedy,Bright Victory,https://kaway169.github.io/ci19/studio/collection/images/arthurkennedy.jpg
1951,Actor in a Leading Role,Fredric March,Death of a Salesman,https://kaway169.github.io/ci19/studio/collection/images/fredricmarch.gif
1952,Actor in a Leading Role,Gary Cooper,High Noon,https://kaway169.github.io/ci19/studio/collection/images/garycooper.gif
1952,Actor in a Leading Role,Marlon Brando,Viva Zapata!,https://kaway169.github.io/ci19/studio/collection/images/marlonbrando.gif
1952,Actor in a Leading Role,Kirk Douglas,The Bad and the Beautiful,https://kaway169.github.io/ci19/studio/collection/images/kirkdouglas.gif
1953,Actor in a Leading Role,William Holden,Stalag 17,https://kaway169.github.io/ci19/studio/collection/images/williamholden.gif
1953,Actor in a Leading Role,Marlon Brando,Julius Caesar,https://kaway169.github.io/ci19/studio/collection/images/marlonbrando.gif
1953,Actor in a Leading Role,Montgomery Clift,From Here to Eternity,https://kaway169.github.io/ci19/studio/collection/images/montgomeryclift.gif
1953,Actor in a Leading Role,Burt Lancaster,From Here to Eternity,https://kaway169.github.io/ci19/studio/collection/images/burtlancaster.gif
1954,Actor in a Leading Role,Marlon Brando,On the Waterfront,https://kaway169.github.io/ci19/studio/collection/images/marlonbrando.gif
1954,Actor in a Leading Role,Humphrey Bogart,The Caine Mutiny,https://kaway169.github.io/ci19/studio/collection/images/humphreybogart.gif
1954,Actor in a Leading Role,Bing Crosby,The Country Girl,https://kaway169.github.io/ci19/studio/collection/images/bingcrosby.gif
1955,Actor in a Leading Role,Ernest Borgnine,Marty,https://kaway169.github.io/ci19/studio/collection/images/ernestborgnine.jpg
1955,Actor in a Leading Role,James Cagney,Love Me or Leave Me,https://kaway169.github.io/ci19/studio/collection/images/jamescagney.gif
1955,Actor in a Leading Role,James Dean,East of Eden,https://kaway169.github.io/ci19/studio/collection/images/jamesdean.gif
1955,Actor in a Leading Role,Frank Sinatra,The Man with the Golden Arm,https://kaway169.github.io/ci19/studio/collection/images/franksinatra.gif
1955,Actor in a Leading Role,Spencer Tracy,Bad Day at Black Rock,https://kaway169.github.io/ci19/studio/collection/images/spencertracy.gif
1956,Actor in a Leading Role,James Dean,Giant,https://kaway169.github.io/ci19/studio/collection/images/jamesdean.gif
1956,Actor in a Leading Role,Kirk Douglas,Lust for Life,https://kaway169.github.io/ci19/studio/collection/images/kirkdouglas.gif
1956,Actor in a Leading Role,Rock Hudson,Giant,https://kaway169.github.io/ci19/studio/collection/images/rockhudson.jpg
1957,Actor in a Leading Role,Marlon Brando,Sayonara,https://kaway169.github.io/ci19/studio/collection/images/marlonbrando.gif
1957,Actor in a Leading Role,Anthony Franciosa,A Hatful of Rain,https://kaway169.github.io/ci19/studio/collection/images/anthonyfranciosa.jpg
1958,Actor in a Leading Role,Tony Curtis,The Defiant Ones,https://kaway169.github.io/ci19/studio/collection/images/tonycurtis.jpg
1958,Actor in a Leading Role,Paul Newman,Cat on a Hot Tin Roof,https://kaway169.github.io/ci19/studio/collection/images/paulnewman.gif
1958,Actor in a Leading Role,Spencer Tracy,The Old Man and the Sea,https://kaway169.github.io/ci19/studio/collection/images/spencertracy.gif
1959,Actor in a Leading Role,Charlton Heston,Ben-Hur,https://kaway169.github.io/ci19/studio/collection/images/charltonheston.jpg
1959,Actor in a Leading Role,Jack Lemmon,Some Like It Hot,https://kaway169.github.io/ci19/studio/collection/images/jacklemmon.gif
1959,Actor in a Leading Role,Paul Muni,The Last Angry Man,https://kaway169.github.io/ci19/studio/collection/images/paulmuni.gif
1959,Actor in a Leading Role,James Stewart,Anatomy of a Murder,https://kaway169.github.io/ci19/studio/collection/images/jamesstewart.gif
1960,Actor in a Leading Role,Burt Lancaster,Elmer Gantry,https://kaway169.github.io/ci19/studio/collection/images/burtlancaster.gif
1960,Actor in a Leading Role,Jack Lemmon,The Apartment,https://kaway169.github.io/ci19/studio/collection/images/jacklemmon.gif
1960,Actor in a Leading Role,Spencer Tracy,Inherit the Wind,https://kaway169.github.io/ci19/studio/collection/images/spencertracy.gif
1961,Actor in a Leading Role,Paul Newman,The Hustler,https://kaway169.github.io/ci19/studio/collection/images/paulnewman.gif
1961,Actor in a Leading Role,Spencer Tracy,Judgment at Nuremberg,https://kaway169.github.io/ci19/studio/collection/images/spencertracy1.gif
1961,Actor in a Leading Role,Stuart Whitman,The Mark,https://kaway169.github.io/ci19/studio/collection/images/stuartwhitman.jpg
1962,Actor in a Leading Role,Gregory Peck,To Kill a Mockingbird,https://kaway169.github.io/ci19/studio/collection/images/gregorypeck.gif
1962,Actor in a Leading Role,Burt Lancaster,Birdman of Alcatraz,https://kaway169.github.io/ci19/studio/collection/images/burtlancaster.gif
1962,Actor in a Leading Role,Jack Lemmon,Days of Wine and Roses,https://kaway169.github.io/ci19/studio/collection/images/jacklemmon.gif
1963,Actor in a Leading Role,Paul Newman,Hud,https://kaway169.github.io/ci19/studio/collection/images/paulnewman.gif
1965,Actor in a Leading Role,Lee Marvin,Cat Ballou,https://kaway169.github.io/ci19/studio/collection/images/leemarvin.gif
1965,Actor in a Leading Role,Rod Steiger,The Pawnbroker,https://kaway169.github.io/ci19/studio/collection/images/rodsteiger.gif
1966,Actor in a Leading Role,Alan Arkin,The Russians Are Coming the Russians Are Coming,https://kaway169.github.io/ci19/studio/collection/images/alanarkin.gif
1966,Actor in a Leading Role,Steve McQueen,The Sand Pebbles,https://kaway169.github.io/ci19/studio/collection/images/stevemcqueen.jpg
1967,Actor in a Leading Role,Rod Steiger,In the Heat of the Night,https://kaway169.github.io/ci19/studio/collection/images/rodsteiger.gif
1967,Actor in a Leading Role,Warren Beatty,Bonnie and Clyde,https://kaway169.github.io/ci19/studio/collection/images/warrenbeatty.gif
1967,Actor in a Leading Role,Dustin Hoffman,The Graduate,https://kaway169.github.io/ci19/studio/collection/images/dustinhoffman.gif
1967,Actor in a Leading Role,Paul Newman,Cool Hand Luke,https://kaway169.github.io/ci19/studio/collection/images/paulnewman.gif
1967,Actor in a Leading Role,Spencer Tracy,Guess Who's Coming to Dinner,https://kaway169.github.io/ci19/studio/collection/images/spencertracy.gif
1968,Actor in a Leading Role,Cliff Robertson,Charly,https://kaway169.github.io/ci19/studio/collection/images/cliffrobertson.jpg
1968,Actor in a Leading Role,Alan Arkin,The Heart Is a Lonely Hunter,https://kaway169.github.io/ci19/studio/collection/images/alanarkin.gif
1969,Actor in a Leading Role,John Wayne,True Grit,https://kaway169.github.io/ci19/studio/collection/images/johnwayne.gif
1969,Actor in a Leading Role,Dustin Hoffman,Midnight Cowboy,https://kaway169.github.io/ci19/studio/collection/images/dustinhoffman.gif
1969,Actor in a Leading Role,Jon Voight,Midnight Cowboy,https://kaway169.github.io/ci19/studio/collection/images/jonvoight.gif
1970,Actor in a Leading Role,George C. Scott,Patton,https://kaway169.github.io/ci19/studio/collection/images/georgecscott.jpg
1970,Actor in a Leading Role,Melvyn Douglas,I Never Sang for My Father,https://kaway169.github.io/ci19/studio/collection/images/melvyndouglas.jpg
1970,Actor in a Leading Role,Jack Nicholson,Five Easy Pieces,https://kaway169.github.io/ci19/studio/collection/images/jacknicholson.jpg
1971,Actor in a Leading Role,Walter Matthau,Kotch,https://kaway169.github.io/ci19/studio/collection/images/waltermatthau.jpg
1971,Actor in a Leading Role,George C. Scott,The Hospital,https://kaway169.github.io/ci19/studio/collection/images/georgecscott.jpg
1972,Actor in a Leading Role,Marlon Brando,The Godfather,https://kaway169.github.io/ci19/studio/collection/images/marlonbrando.gif
1973,Actor in a Leading Role,Jack Lemmon,Save the Tiger,https://kaway169.github.io/ci19/studio/collection/images/jacklemmon.gif
1973,Actor in a Leading Role,Marlon Brando,Last Tango in Paris,https://kaway169.github.io/ci19/studio/collection/images/marlonbrando.gif
1973,Actor in a Leading Role,Jack Nicholson,The Last Detail,https://kaway169.github.io/ci19/studio/collection/images/jacknicholson.jpg
1973,Actor in a Leading Role,Al Pacino,Serpico,https://kaway169.github.io/ci19/studio/collection/images/alpacino.jpg
1974,Actor in a Leading Role,Dustin Hoffman,Lenny,https://kaway169.github.io/ci19/studio/collection/images/dustinhoffman.gif
1974,Actor in a Leading Role,Jack Nicholson,Chinatown,https://kaway169.github.io/ci19/studio/collection/images/jacknicholson.jpg
1974,Actor in a Leading Role,Al Pacino,The Godfather Part II,https://kaway169.github.io/ci19/studio/collection/images/alpacino.jpg
1975,Actor in a Leading Role,Jack Nicholson,One Flew Over the Cuckoo's Nest,https://kaway169.github.io/ci19/studio/collection/images/jacknicholson.jpg
1975,Actor in a Leading Role,Walter Matthau,The Sunshine Boys,https://kaway169.github.io/ci19/studio/collection/images/waltermatthau.jpg
1975,Actor in a Leading Role,Al Pacino,Dog Day Afternoon,https://kaway169.github.io/ci19/studio/collection/images/alpacino.jpg
1975,Actor in a Leading Role,James Whitmore,Give em Hell Harry!,https://kaway169.github.io/ci19/studio/collection/images/jameswhitmore.jpg
1977,Actor in a Leading Role,Richard Dreyfuss,The Goodbye Girl,https://kaway169.github.io/ci19/studio/collection/images/richarddreyfuss.jpg
1978,Actor in a Leading Role,Jon Voight,Coming Home,https://kaway169.github.io/ci19/studio/collection/images/jonvoight.gif
1978,Actor in a Leading Role,Warren Beatty,Heaven Can Wait,https://kaway169.github.io/ci19/studio/collection/images/warrenbeatty.gif
1979,Actor in a Leading Role,Dustin Hoffman,Kramer vs. Kramer,https://kaway169.github.io/ci19/studio/collection/images/dustinhoffman.gif
1979,Actor in a Leading Role,Jack Lemmon,The China Syndrome,https://kaway169.github.io/ci19/studio/collection/images/jacklemmon.gif
1979,Actor in a Leading Role,Al Pacino,And Justice for All,https://kaway169.github.io/ci19/studio/collection/images/alpacino.jpg
1979,Actor in a Leading Role,Roy Scheider,All That Jazz,https://kaway169.github.io/ci19/studio/collection/images/royscheider.jpg
1980,Actor in a Leading Role,Jack Lemmon,Tribute,https://kaway169.github.io/ci19/studio/collection/images/jacklemmon.gif
1981,Actor in a Leading Role,Henry Fonda,On Golden Pond,https://kaway169.github.io/ci19/studio/collection/images/jamesstewart.gif
1981,Actor in a Leading Role,Warren Beatty,Reds,https://kaway169.github.io/ci19/studio/collection/images/warrenbeatty.gif
1981,Actor in a Leading Role,Burt Lancaster,Atlantic City,https://kaway169.github.io/ci19/studio/collection/images/burtlancaster.gif
1981,Actor in a Leading Role,Paul Newman,Absence of Malice,https://kaway169.github.io/ci19/studio/collection/images/paulnewman.gif
1982,Actor in a Leading Role,Dustin Hoffman,Tootsie,https://kaway169.github.io/ci19/studio/collection/images/dustinhoffman.gif
1982,Actor in a Leading Role,Jack Lemmon,Missing,https://kaway169.github.io/ci19/studio/collection/images/jacklemmon.gif
1982,Actor in a Leading Role,Paul Newman,The Verdict,https://kaway169.github.io/ci19/studio/collection/images/paulnewman.gif
1984,Actor in a Leading Role,Jeff Bridges,Starman,https://kaway169.github.io/ci19/studio/collection/images/jeffbridges.jpg
1985,Actor in a Leading Role,William Hurt,Kiss of the Spider Woman,https://kaway169.github.io/ci19/studio/collection/images/williamhurt.jpg
1985,Actor in a Leading Role,Harrison Ford,Witness,https://kaway169.github.io/ci19/studio/collection/images/harrisonford.jpg
1985,Actor in a Leading Role,Jack Nicholson,Prizzi's Honor,https://kaway169.github.io/ci19/studio/collection/images/jacknicholson.jpg
1985,Actor in a Leading Role,Jon Voight,Runaway Train,https://kaway169.github.io/ci19/studio/collection/images/jonvoight.gif
1986,Actor in a Leading Role,Paul Newman,The Color of Money,https://kaway169.github.io/ci19/studio/collection/images/paulnewman.gif
1986,Actor in a Leading Role,William Hurt,Children of a Lesser God,https://kaway169.github.io/ci19/studio/collection/images/williamhurt.jpg
1987,Actor in a Leading Role,William Hurt,Broadcast News,https://kaway169.github.io/ci19/studio/collection/images/williamhurt.jpg
1987,Actor in a Leading Role,Jack Nicholson,Ironweed,https://kaway169.github.io/ci19/studio/collection/images/jacknicholson.jpg
1988,Actor in a Leading Role,Dustin Hoffman,Rain Man,https://kaway169.github.io/ci19/studio/collection/images/dustinhoffman.gif
1988,Actor in a Leading Role,Tom Hanks,Big,https://kaway169.github.io/ci19/studio/collection/images/tomhanks.jpg
1989,Actor in a Leading Role,Tom Cruise,Born on the Fourth of July,https://kaway169.github.io/ci19/studio/collection/images/tomcruise.jpg
1991,Actor in a Leading Role,Warren Beatty,Bugsy,https://kaway169.github.io/ci19/studio/collection/images/warrenbeatty.gif
1992,Actor in a Leading Role,Al Pacino,Scent of a Woman,https://kaway169.github.io/ci19/studio/collection/images/alpacino.jpg
1992,Actor in a Leading Role,Robert Downey Jr.,Chaplin,https://kaway169.github.io/ci19/studio/collection/images/robertdowneyjr.png
1993,Actor in a Leading Role,Tom Hanks,Philadelphia,https://kaway169.github.io/ci19/studio/collection/images/tomhanks.jpg
1994,Actor in a Leading Role,Tom Hanks,Forrest Gump,https://kaway169.github.io/ci19/studio/collection/images/tomhanks.jpg
1994,Actor in a Leading Role,Paul Newman,Nobody's Fool,https://kaway169.github.io/ci19/studio/collection/images/paulnewman.gif
1995,Actor in a Leading Role,Nicolas Cage,Leaving Las Vegas,https://kaway169.github.io/ci19/studio/collection/images/nicolascage.jpg
1995,Actor in a Leading Role,Richard Dreyfuss,Mr. Holland's Opus,https://kaway169.github.io/ci19/studio/collection/images/richarddreyfuss.jpg
1996,Actor in a Leading Role,Tom Cruise,Jerry Maguire,https://kaway169.github.io/ci19/studio/collection/images/tomcruise.jpg
1997,Actor in a Leading Role,Jack Nicholson,As Good as It Gets,https://kaway169.github.io/ci19/studio/collection/images/jacknicholson.jpg
1997,Actor in a Leading Role,Matt Damon,Good Will Hunting,https://kaway169.github.io/ci19/studio/collection/images/mattdamon.jpg
1997,Actor in a Leading Role,Dustin Hoffman,Wag the Dog,https://kaway169.github.io/ci19/studio/collection/images/dustinhoffman.gif
1998,Actor in a Leading Role,Tom Hanks,Saving Private Ryan,https://kaway169.github.io/ci19/studio/collection/images/tomhanks.jpg
1999,Actor in a Leading Role,Richard Farnsworth,The Straight Story,https://kaway169.github.io/ci19/studio/collection/images/richardfarnsworth.jpg
2000,Actor in a Leading Role,Tom Hanks,Cast Away,https://kaway169.github.io/ci19/studio/collection/images/tomhanks.jpg
2002,Actor in a Leading Role,Nicolas Cage,Adaptation,https://kaway169.github.io/ci19/studio/collection/images/nicolascage.jpg
2002,Actor in a Leading Role,Jack Nicholson,About Schmidt,https://kaway169.github.io/ci19/studio/collection/images/jacknicholson.jpg
2003,Actor in a Leading Role,Johnny Depp,Pirates of the Caribbean The Curse of the Black Pearl,https://kaway169.github.io/ci19/studio/collection/images/johnnydepp.gif
2004,Actor in a Leading Role,Johnny Depp,Finding Neverland,https://kaway169.github.io/ci19/studio/collection/images/johnnydepp.gif
2004,Actor in a Leading Role,Leonardo DiCaprio,The Aviator,https://kaway169.github.io/ci19/studio/collection/images/leonardodicaprio.gif
2006,Actor in a Leading Role,Leonardo DiCaprio,Blood Diamond,https://kaway169.github.io/ci19/studio/collection/images/leonardodicaprio.gif
2006,Actor in a Leading Role,Ryan Gosling,Half Nelson,https://kaway169.github.io/ci19/studio/collection/images/ryangosling.jpg
2007,Actor in a Leading Role,George Clooney,Michael Clayton,https://kaway169.github.io/ci19/studio/collection/images/georgeclooney.jpg
2007,Actor in a Leading Role,Johnny Depp,Sweeney Todd,https://kaway169.github.io/ci19/studio/collection/images/johnnydepp.gif
2007,Actor in a Leading Role,Tommy Lee Jones,In the Valley of Elah,https://kaway169.github.io/ci19/studio/collection/images/tommyleejones.jpg
2007,Actor in a Leading Role,Viggo Mortensen,Eastern Promises,https://kaway169.github.io/ci19/studio/collection/images/viggomortensen.jpg
2008,Actor in a Leading Role,Richard Jenkins,The Visitor,https://kaway169.github.io/ci19/studio/collection/images/richardjenkins.jpg
2008,Actor in a Leading Role,Brad Pitt,The Curious Case of Benjamin Button,https://kaway169.github.io/ci19/studio/collection/images/bradpitt.jpg
2009,Actor in a Leading Role,Jeff Bridges,Crazy Heart,https://kaway169.github.io/ci19/studio/collection/images/jeffbridges.jpg
2009,Actor in a Leading Role,George Clooney,Up in the Air,https://kaway169.github.io/ci19/studio/collection/images/georgeclooney.jpg
2010,Actor in a Leading Role,Jeff Bridges,True Grit,https://kaway169.github.io/ci19/studio/collection/images/jeffbridges.jpg
2010,Actor in a Leading Role,James Franco,127 Hours,https://kaway169.github.io/ci19/studio/collection/images/jamesfranco.jpg
2011,Actor in a Leading Role,George Clooney,The Descendants,https://kaway169.github.io/ci19/studio/collection/images/georgeclooney.jpg
2011,Actor in a Leading Role,Brad Pitt,Moneyball,https://kaway169.github.io/ci19/studio/collection/images/bradpitt.jpg
2012,Actor in a Leading Role,Bradley Cooper,Silver Linings Playbook,https://kaway169.github.io/ci19/studio/collection/images/bradleycooper.jpg
2013,Actor in a Leading Role,Matthew McConaughey,Dallas Buyers Club,https://kaway169.github.io/ci19/studio/collection/images/matthewmcconaughey.jpg
2013,Actor in a Leading Role,Leonardo DiCaprio,The Wolf of Wall Street,https://kaway169.github.io/ci19/studio/collection/images/leonardodicaprio.jpg
2014,Actor in a Leading Role,Bradley Cooper,American Sniper,https://kaway169.github.io/ci19/studio/collection/images/bradleycooper.jpg
2015,Actor in a Leading Role,Leonardo DiCaprio,The Revenant,https://kaway169.github.io/ci19/studio/collection/images/leonardodicaprio.jpg
2015,Actor in a Leading Role,Matt Damon,The Martian,https://kaway169.github.io/ci19/studio/collection/images/mattdamon.jpg
2016,Actor in a Leading Role,Ryan Gosling,La La Land,https://kaway169.github.io/ci19/studio/collection/images/ryangosling.jpg
2016,Actor in a Leading Role,Viggo Mortensen,Captain Fantastic,https://kaway169.github.io/ci19/studio/collection/images/viggomortensen.jpg
2018,Actor in a Leading Role,Bradley Cooper,A Star Is Born,https://kaway169.github.io/ci19/studio/collection/images/bradleycooper.jpg
2018,Actor in a Leading Role,Willem Dafoe,At Eternity's Gate,https://kaway169.github.io/ci19/studio/collection/images/willemdafoe.jpg
2018,Actor in a Leading Role,Viggo Mortensen,Green Book,https://kaway169.github.io/ci19/studio/collection/images/viggomortensen.jpg
1928,Actress in a Leading Role,Janet Gaynor,7th Heaven Street Angel Sunrise: A Song of Two Humans,https://kaway169.github.io/ci19/studio/collection/images/janetgaynor.jpg
1929,Actress in a Leading Role,Ruth Chatterton,Madame X,https://kaway169.github.io/ci19/studio/collection/images/ruthchatterton.gif
1929,Actress in a Leading Role,Corinne Griffith,The Divine Lady,https://kaway169.github.io/ci19/studio/collection/images/corinnegriffith.jpg
1930,Actress in a Leading Role,Ruth Chatterton,Sarah and Son,https://kaway169.github.io/ci19/studio/collection/images/ruthchatterton.gif
1931,Actress in a Leading Role,Irene Dunne,Cimarron,https://kaway169.github.io/ci19/studio/collection/images/irenedunne.jpg
1931,Actress in a Leading Role,Ann Harding,Holiday,https://kaway169.github.io/ci19/studio/collection/images/annharding.jpg
1933,Actress in a Leading Role,Katharine Hepburn,Morning Glory,https://kaway169.github.io/ci19/studio/collection/images/katharinehepburn.jpg
1934,Actress in a Leading Role,Claudette Colbert,It Happened One Night,https://kaway169.github.io/ci19/studio/collection/images/claudettecolbert.gif
1934,Actress in a Leading Role,Bette Davis,Of Human Bondage,https://kaway169.github.io/ci19/studio/collection/images/bettedavis.gif
1935,Actress in a Leading Role,Bette Davis,Dangerous,https://kaway169.github.io/ci19/studio/collection/images/bettedavis.gif
1935,Actress in a Leading Role,Claudette Colbert,Private Worlds,https://kaway169.github.io/ci19/studio/collection/images/claudettecolbert.gif
1935,Actress in a Leading Role,Katharine Hepburn,Alice Adams,https://kaway169.github.io/ci19/studio/collection/images/katharinehepburn.jpg
1936,Actress in a Leading Role,Irene Dunne,Theodora Goes Wild,https://kaway169.github.io/ci19/studio/collection/images/irenedunne.jpg
1937,Actress in a Leading Role,Irene Dunne,The Awful Truth,https://kaway169.github.io/ci19/studio/collection/images/irenedunne.jpg
1937,Actress in a Leading Role,Janet Gaynor,A Star Is Born,https://kaway169.github.io/ci19/studio/collection/images/janetgaynor.jpg
1938,Actress in a Leading Role,Bette Davis,Jezebel,https://kaway169.github.io/ci19/studio/collection/images/bettedavis.gif
1939,Actress in a Leading Role,Bette Davis,Dark Victory,https://kaway169.github.io/ci19/studio/collection/images/bettedavis.gif
1939,Actress in a Leading Role,Irene Dunne,Love Affair,https://kaway169.github.io/ci19/studio/collection/images/irenedunne.jpg
1940,Actress in a Leading Role,Bette Davis,The Letter,https://kaway169.github.io/ci19/studio/collection/images/bettedavis.gif
1940,Actress in a Leading Role,Joan Fontaine,Rebecca,https://kaway169.github.io/ci19/studio/collection/images/joanfontaine.jpg
1940,Actress in a Leading Role,Katharine Hepburn,The Philadelphia Story,https://kaway169.github.io/ci19/studio/collection/images/katharinehepburn.jpg
1940,Actress in a Leading Role,Martha Scott,Our Town,https://kaway169.github.io/ci19/studio/collection/images/marthascott.jpg
1941,Actress in a Leading Role,Joan Fontaine,Suspicion,https://kaway169.github.io/ci19/studio/collection/images/joanfontaine.jpg
1941,Actress in a Leading Role,Bette Davis,The Little Foxes,https://kaway169.github.io/ci19/studio/collection/images/bettedavis.gif
1942,Actress in a Leading Role,Bette Davis,Now Voyager,https://kaway169.github.io/ci19/studio/collection/images/bettedavis.gif
1942,Actress in a Leading Role,Katharine Hepburn,Woman of the Year,https://kaway169.github.io/ci19/studio/collection/images/katharinehepburn.jpg
1942,Actress in a Leading Role,Teresa Wright,The Pride of the Yankees,https://kaway169.github.io/ci19/studio/collection/images/teresawright.jpg
1943,Actress in a Leading Role,Jennifer Jones,The Song of Bernadette,https://kaway169.github.io/ci19/studio/collection/images/jenniferjones.jpg
1943,Actress in a Leading Role,Joan Fontaine,The Constant Nymph,https://kaway169.github.io/ci19/studio/collection/images/joanfontaine.jpg
1944,Actress in a Leading Role,Claudette Colbert,Since You Went Away,https://kaway169.github.io/ci19/studio/collection/images/claudettecolbert.gif
1944,Actress in a Leading Role,Bette Davis,Mr. Skeffington,https://kaway169.github.io/ci19/studio/collection/images/bettedavis.gif
1945,Actress in a Leading Role,Jennifer Jones,Love Letters,https://kaway169.github.io/ci19/studio/collection/images/jenniferjones.jpg
1946,Actress in a Leading Role,Jennifer Jones,Duel in the Sun,https://kaway169.github.io/ci19/studio/collection/images/jenniferjones.jpg
1948,Actress in a Leading Role,Irene Dunne,I Remember Mama,https://kaway169.github.io/ci19/studio/collection/images/irenedunne.jpg
1950,Actress in a Leading Role,Bette Davis,All About Eve,https://kaway169.github.io/ci19/studio/collection/images/bettedavis.gif
1951,Actress in a Leading Role,Katharine Hepburn,The African Queen,https://kaway169.github.io/ci19/studio/collection/images/katharinehepburn.jpg
1952,Actress in a Leading Role,Bette Davis,The Star,https://kaway169.github.io/ci19/studio/collection/images/bettedavis.gif
1955,Actress in a Leading Role,Katharine Hepburn,Summertime,https://kaway169.github.io/ci19/studio/collection/images/katharinehepburn.jpg
1955,Actress in a Leading Role,Jennifer Jones,Love is a Many-Splendored Thing,https://kaway169.github.io/ci19/studio/collection/images/jenniferjones.jpg
1956,Actress in a Leading Role,Katharine Hepburn,The Rainmaker,https://kaway169.github.io/ci19/studio/collection/images/katharinehepburn.jpg
1959,Actress in a Leading Role,Katharine Hepburn,Suddenly Last Summer,https://kaway169.github.io/ci19/studio/collection/images/katharinehepburn.jpg
1961,Actress in a Leading Role,Piper Laurie,The Hustler,https://kaway169.github.io/ci19/studio/collection/images/piperlaurie.jpg
1961,Actress in a Leading Role,Natalie Wood,Splendor in the Grass,https://kaway169.github.io/ci19/studio/collection/images/nataliewood.jpg
1962,Actress in a Leading Role,Bette Davis,What Ever Happened to Baby Jane?,https://kaway169.github.io/ci19/studio/collection/images/bettedavis.gif
1962,Actress in a Leading Role,Katharine Hepburn,Long Day's Journey into Night,https://kaway169.github.io/ci19/studio/collection/images/katharinehepburn.jpg
1963,Actress in a Leading Role,Natalie Wood,Love with the Proper Stranger,https://kaway169.github.io/ci19/studio/collection/images/nataliewood.jpg
1964,Actress in a Leading Role,Kim Stanley,SÃ©ance on a Wet Afternoon,https://kaway169.github.io/ci19/studio/collection/images/kimstanley.jpg
1965,Actress in a Leading Role,Elizabeth Hartman,A Patch of Blue,https://kaway169.github.io/ci19/studio/collection/images/elizabethhartman.jpg
1967,Actress in a Leading Role,Katharine Hepburn,Guess Who's Coming to Dinner,https://kaway169.github.io/ci19/studio/collection/images/katharinehepburn.jpg
1968,Actress in a Leading Role,Katharine Hepburn,The Lion in Winter,https://kaway169.github.io/ci19/studio/collection/images/katharinehepburn.jpg
1976,Actress in a Leading Role,Sissy Spacek,Carrie,https://kaway169.github.io/ci19/studio/collection/images/sissyspacek.jpg
1977,Actress in a Leading Role,Diane Keaton,Annie Hall,https://kaway169.github.io/ci19/studio/collection/images/dianekeaton.jpg
1980,Actress in a Leading Role,Sissy Spacek,Coal Miner's Daughter,https://kaway169.github.io/ci19/studio/collection/images/sissyspacek.jpg
1981,Actress in a Leading Role,Katharine Hepburn,On Golden Pond,https://kaway169.github.io/ci19/studio/collection/images/katharinehepburn.jpg
1981,Actress in a Leading Role,Diane Keaton,Reds,https://kaway169.github.io/ci19/studio/collection/images/dianekeaton.jpg
1981,Actress in a Leading Role,Susan Sarandon,Atlantic City,https://kaway169.github.io/ci19/studio/collection/images/susansarandon.jpg
1981,Actress in a Leading Role,Meryl Streep,The French Lieutenant's Woman,https://kaway169.github.io/ci19/studio/collection/images/merylstreep.gif
1982,Actress in a Leading Role,Meryl Streep,Sophie's Choice,https://kaway169.github.io/ci19/studio/collection/images/merylstreep.gif
1982,Actress in a Leading Role,Jessica Lange,Frances,https://kaway169.github.io/ci19/studio/collection/images/jessicalange.jpg
1982,Actress in a Leading Role,Sissy Spacek,Missing,https://kaway169.github.io/ci19/studio/collection/images/sissyspacek.jpg
1983,Actress in a Leading Role,Meryl Streep,Silkwood,https://kaway169.github.io/ci19/studio/collection/images/merylstreep.gif
1984,Actress in a Leading Role,Jessica Lange,Country,https://kaway169.github.io/ci19/studio/collection/images/jessicalange.jpg
1984,Actress in a Leading Role,Sissy Spacek,The River,https://kaway169.github.io/ci19/studio/collection/images/sissyspacek.jpg
1985,Actress in a Leading Role,Jessica Lange,Sweet Dreams,https://kaway169.github.io/ci19/studio/collection/images/jessicalange.jpg
1985,Actress in a Leading Role,Meryl Streep,Out of Africa,https://kaway169.github.io/ci19/studio/collection/images/merylstreep.gif
1986,Actress in a Leading Role,Sissy Spacek,Crimes of the Heart,https://kaway169.github.io/ci19/studio/collection/images/sissyspacek.jpg
1987,Actress in a Leading Role,Cher,Moonstruck,https://kaway169.github.io/ci19/studio/collection/images/cher.jpg
1987,Actress in a Leading Role,Glenn Close,Fatal Attraction,https://kaway169.github.io/ci19/studio/collection/images/glennclose.jpg
1987,Actress in a Leading Role,Holly Hunter,Broadcast News,https://kaway169.github.io/ci19/studio/collection/images/hollyhunter.jpg
1987,Actress in a Leading Role,Meryl Streep,Ironweed,https://kaway169.github.io/ci19/studio/collection/images/merylstreep.gif
1988,Actress in a Leading Role,Glenn Close,Dangerous Liaisons,https://kaway169.github.io/ci19/studio/collection/images/glennclose.jpg
1988,Actress in a Leading Role,Meryl Streep,A Cry in the Dark,https://kaway169.github.io/ci19/studio/collection/images/merylstreep.gif
1989,Actress in a Leading Role,Jessica Lange,Music Box,https://kaway169.github.io/ci19/studio/collection/images/jessicalange.jpg
1990,Actress in a Leading Role,Julia Roberts,Pretty Woman,https://kaway169.github.io/ci19/studio/collection/images/juliaroberts.jpg
1990,Actress in a Leading Role,Meryl Streep,Postcards from the Edge,https://kaway169.github.io/ci19/studio/collection/images/merylstreep.gif
1991,Actress in a Leading Role,Laura Dern,Rambling Rose,https://kaway169.github.io/ci19/studio/collection/images/lauradern.jpg
1991,Actress in a Leading Role,Susan Sarandon,Thelma & Louise,https://kaway169.github.io/ci19/studio/collection/images/susansarandon.jpg
1992,Actress in a Leading Role,Susan Sarandon,Lorenzo's Oil,https://kaway169.github.io/ci19/studio/collection/images/susansarandon.jpg
1993,Actress in a Leading Role,Holly Hunter,The Piano,https://kaway169.github.io/ci19/studio/collection/images/hollyhunter.jpg
1993,Actress in a Leading Role,Stockard Channing,Six Degrees of Separation,https://kaway169.github.io/ci19/studio/collection/images/stockardchanning.jpg
1994,Actress in a Leading Role,Jessica Lange,Blue Sky,https://kaway169.github.io/ci19/studio/collection/images/jessicalange.jpg
1994,Actress in a Leading Role,Susan Sarandon,The Client,https://kaway169.github.io/ci19/studio/collection/images/susansarandon.jpg
1995,Actress in a Leading Role,Susan Sarandon,Dead Man Walking,https://kaway169.github.io/ci19/studio/collection/images/susansarandon.jpg
1995,Actress in a Leading Role,Sharon Stone,Casino,https://kaway169.github.io/ci19/studio/collection/images/sharonstone.jpg
1995,Actress in a Leading Role,Meryl Streep,The Bridges of Madison County,https://kaway169.github.io/ci19/studio/collection/images/merylstreep.gif
1996,Actress in a Leading Role,Diane Keaton,Marvin's Room,https://kaway169.github.io/ci19/studio/collection/images/dianekeaton.jpg
1997,Actress in a Leading Role,Helen Hunt,As Good as It Gets,https://kaway169.github.io/ci19/studio/collection/images/helenhunt.jpg
1998,Actress in a Leading Role,Gwyneth Paltrow,Shakespeare in Love,https://kaway169.github.io/ci19/studio/collection/images/gwynethpaltrow.jpg
1998,Actress in a Leading Role,Meryl Streep,One True Thing,https://kaway169.github.io/ci19/studio/collection/images/merylstreep.gif
1999,Actress in a Leading Role,Annette Bening,American Beauty,https://kaway169.github.io/ci19/studio/collection/images/annettebening.jpg
1999,Actress in a Leading Role,Julianne Moore,The End of the Affair,https://kaway169.github.io/ci19/studio/collection/images/juliannemoore.jpg
1999,Actress in a Leading Role,Meryl Streep,Music of the Heart,https://kaway169.github.io/ci19/studio/collection/images/merylstreep.gif
2000,Actress in a Leading Role,Julia Roberts,Erin Brockovich,https://kaway169.github.io/ci19/studio/collection/images/juliaroberts.jpg
2000,Actress in a Leading Role,Joan Allen,The Contender,https://kaway169.github.io/ci19/studio/collection/images/joanallen.jpg
2001,Actress in a Leading Role,Sissy Spacek,In the Bedroom,https://kaway169.github.io/ci19/studio/collection/images/sissyspacek.jpg
2002,Actress in a Leading Role,Julianne Moore,Far from Heaven,https://kaway169.github.io/ci19/studio/collection/images/juliannemoore.jpg
2003,Actress in a Leading Role,Diane Keaton,Something's Gotta Give,https://kaway169.github.io/ci19/studio/collection/images/dianekeaton.jpg
2004,Actress in a Leading Role,Annette Bening,Being Julia,https://kaway169.github.io/ci19/studio/collection/images/annettebening.jpg
2005,Actress in a Leading Role,Reese Witherspoon,Walk the Line,https://kaway169.github.io/ci19/studio/collection/images/reesewitherspoon.jpg
2006,Actress in a Leading Role,Meryl Streep,The Devil Wears Prada,https://kaway169.github.io/ci19/studio/collection/images/merylstreep.gif
2008,Actress in a Leading Role,Anne Hathaway,Rachel Getting Married,https://kaway169.github.io/ci19/studio/collection/images/annehathaway.jpg
2008,Actress in a Leading Role,Angelina Jolie,Changeling,https://kaway169.github.io/ci19/studio/collection/images/angelinajolie.jpg
2008,Actress in a Leading Role,Melissa Leo,Frozen River,https://kaway169.github.io/ci19/studio/collection/images/melissaleo.jpg
2008,Actress in a Leading Role,Meryl Streep,Doubt,https://kaway169.github.io/ci19/studio/collection/images/merylstreep.gif
2009,Actress in a Leading Role,Sandra Bullock,The Blind Side,https://kaway169.github.io/ci19/studio/collection/images/sandrabullock.jpg
2009,Actress in a Leading Role,Meryl Streep,Julie & Julia,https://kaway169.github.io/ci19/studio/collection/images/merylstreep.gif
2010,Actress in a Leading Role,Natalie Portman,Black Swan,https://kaway169.github.io/ci19/studio/collection/images/natalieportman.jpg
2010,Actress in a Leading Role,Annette Bening,The Kids Are All Right,https://kaway169.github.io/ci19/studio/collection/images/annettebening.jpg
2010,Actress in a Leading Role,Jennifer Lawrence,Winter's Bone,https://kaway169.github.io/ci19/studio/collection/images/jenniferlawrence.gif
2010,Actress in a Leading Role,Michelle Williams,Blue Valentine,https://kaway169.github.io/ci19/studio/collection/images/michellewilliams.gif
2011,Actress in a Leading Role,Meryl Streep,The Iron Lady,https://kaway169.github.io/ci19/studio/collection/images/merylstreep.gif
2011,Actress in a Leading Role,Glenn Close,Albert Nobbs,https://kaway169.github.io/ci19/studio/collection/images/glennclose.jpg
2011,Actress in a Leading Role,Rooney Mara,The Girl with the Dragon Tattoo,https://kaway169.github.io/ci19/studio/collection/images/rooneymara.jpg
2011,Actress in a Leading Role,Michelle Williams,My Week with Marilyn,https://kaway169.github.io/ci19/studio/collection/images/michellewilliams.gif
2012,Actress in a Leading Role,Jennifer Lawrence,Silver Linings Playbook,https://kaway169.github.io/ci19/studio/collection/images/jenniferlawrence.gif
2012,Actress in a Leading Role,Jessica Chastain,Zero Dark Thirty,https://kaway169.github.io/ci19/studio/collection/images/jessicachastain.jpg
2013,Actress in a Leading Role,Amy Adams,American Hustle,https://kaway169.github.io/ci19/studio/collection/images/amyadams.gif
2013,Actress in a Leading Role,Sandra Bullock,Gravity,https://kaway169.github.io/ci19/studio/collection/images/sandrabullock.jpg
2013,Actress in a Leading Role,Meryl Streep,August: Osage County,https://kaway169.github.io/ci19/studio/collection/images/merylstreep.gif
2014,Actress in a Leading Role,Julianne Moore,Still Alice,https://kaway169.github.io/ci19/studio/collection/images/juliannemoore.jpg
2014,Actress in a Leading Role,Reese Witherspoon,Wild,https://kaway169.github.io/ci19/studio/collection/images/reesewitherspoon.jpg
2015,Actress in a Leading Role,Brie Larson,Room,https://kaway169.github.io/ci19/studio/collection/images/brielarson.jpg
2015,Actress in a Leading Role,Jennifer Lawrence,Joy,https://kaway169.github.io/ci19/studio/collection/images/jenniferlawrence.gif
2016,Actress in a Leading Role,Emma Stone,La La Land,https://kaway169.github.io/ci19/studio/collection/images/emmastone.gif
2016,Actress in a Leading Role,Natalie Portman,Jackie,https://kaway169.github.io/ci19/studio/collection/images/natalieportman.jpg
2016,Actress in a Leading Role,Meryl Streep,Florence Foster Jenkins,https://kaway169.github.io/ci19/studio/collection/images/merylstreep.gif
2017,Actress in a Leading Role,Frances McDormand,Three Billboards Outside Ebbing Missouri,https://kaway169.github.io/ci19/studio/collection/images/francesmcdormand.jpg
2017,Actress in a Leading Role,Meryl Streep,The Post,https://kaway169.github.io/ci19/studio/collection/images/merylstreep.gif
2018,Actress in a Leading Role,Glenn Close,The Wife,https://kaway169.github.io/ci19/studio/collection/images/glennclose.jpg
2018,Actress in a Leading Role,Lady Gaga,A Star Is Born,https://kaway169.github.io/ci19/studio/collection/images/ladygaga.jpeg
2018,Actress in a Leading Role,Melissa McCarthy,Can You Ever Forgive Me?,https://kaway169.github.io/ci19/studio/collection/images/melissamccarthy.jpg
1936,Actor in a Supporting Role,Walter Brennan,Come and Get It,https://kaway169.github.io/ci19/studio/collection/images/walterbrennan.jpg
1937,Actor in a Supporting Role,Ralph Bellamy,The Awful Truth,https://kaway169.github.io/ci19/studio/collection/images/ralphbellamy.jpg
1938,Actor in a Supporting Role,Walter Brennan,Kentucky,https://kaway169.github.io/ci19/studio/collection/images/walterbrennan.jpg
1938,Actor in a Supporting Role,John Garfield,Four Daughters,https://kaway169.github.io/ci19/studio/collection/images/johngarfield.jpeg
1939,Actor in a Supporting Role,Harry Carey,Mr. Smith Goes to Washington,https://kaway169.github.io/ci19/studio/collection/images/harrycarey.jpg
1940,Actor in a Supporting Role,Walter Brennan,The Westerner,https://kaway169.github.io/ci19/studio/collection/images/walterbrennan.jpg
1941,Actor in a Supporting Role,Walter Brennan,Sergeant York,https://kaway169.github.io/ci19/studio/collection/images/walterbrennan.jpg
1942,Actor in a Supporting Role,Frank Morgan,Tortilla Flat,https://kaway169.github.io/ci19/studio/collection/images/frankmorgan.gif
1943,Actor in a Supporting Role,Charles Bickford,The Song of Bernadette,https://kaway169.github.io/ci19/studio/collection/images/charlesbickford.jpg
1944,Actor in a Supporting Role,Clifton Webb,Laura,https://kaway169.github.io/ci19/studio/collection/images/cliftonwebb.jpg
1944,Actor in a Supporting Role,Monty Woolley,Since You Went Away,https://kaway169.github.io/ci19/studio/collection/images/montywoolley.gif
1946,Actor in a Supporting Role,Clifton Webb,The Razor's Edge,https://kaway169.github.io/ci19/studio/collection/images/cliftonwebb.jpg
1947,Actor in a Supporting Role,Charles Bickford,The Farmer's Daughter,https://kaway169.github.io/ci19/studio/collection/images/charlesbickford.jpg
1948,Actor in a Supporting Role,Charles Bickford,Johnny Belinda,https://kaway169.github.io/ci19/studio/collection/images/charlesbickford.jpg
1949,Actor in a Supporting Role,Arthur Kennedy,Champion,https://kaway169.github.io/ci19/studio/collection/images/arthurkennedy.jpg
1949,Actor in a Supporting Role,James Whitmore,Battleground,https://kaway169.github.io/ci19/studio/collection/images/jameswhitmore.jpg
1951,Actor in a Supporting Role,Karl Malden,A Streetcar Named Desire,https://kaway169.github.io/ci19/studio/collection/images/karlmalden.jpg
1951,Actor in a Supporting Role,Kevin McCarthy,Death of a Salesman,https://kaway169.github.io/ci19/studio/collection/images/kevinmccarthy.jpeg
1953,Actor in a Supporting Role,Frank Sinatra,From Here to Eternity,https://kaway169.github.io/ci19/studio/collection/images/franksinatra.gif
1953,Actor in a Supporting Role,Brandon deWilde,Shane,https://kaway169.github.io/ci19/studio/collection/images/brandondewilde.jpg
1953,Actor in a Supporting Role,Robert Strauss,Stalag 17,https://kaway169.github.io/ci19/studio/collection/images/robertstrauss.jpg
1954,Actor in a Supporting Role,Karl Malden,On the Waterfront,https://kaway169.github.io/ci19/studio/collection/images/karlmalden.jpg
1954,Actor in a Supporting Role,Rod Steiger,On the Waterfront,https://kaway169.github.io/ci19/studio/collection/images/rodsteiger.gif
1955,Actor in a Supporting Role,Jack Lemmon,Mister Roberts,https://kaway169.github.io/ci19/studio/collection/images/jacklemmon.gif
1955,Actor in a Supporting Role,Arthur Kennedy,Trial,https://kaway169.github.io/ci19/studio/collection/images/arthurkennedy.jpg
1955,Actor in a Supporting Role,Arthur O'Connell,Picnic,https://kaway169.github.io/ci19/studio/collection/images/arthuroconnell.jpg
1956,Actor in a Supporting Role,Mickey Rooney,The Bold and the Brave,https://kaway169.github.io/ci19/studio/collection/images/mickeyrooney.gif
1957,Actor in a Supporting Role,Arthur Kennedy,Peyton Place,https://kaway169.github.io/ci19/studio/collection/images/arthurkennedy.jpg
1958,Actor in a Supporting Role,Arthur Kennedy,Some Came Running,https://kaway169.github.io/ci19/studio/collection/images/arthurkennedy.jpg
1959,Actor in a Supporting Role,Arthur O'Connell,Anatomy of a Murder,https://kaway169.github.io/ci19/studio/collection/images/arthuroconnell.jpg
1959,Actor in a Supporting Role,George C. Scott,Anatomy of a Murder,https://kaway169.github.io/ci19/studio/collection/images/georgecscott.jpg
1959,Actor in a Supporting Role,Ed Wynn,The Diary of Anne Frank,https://kaway169.github.io/ci19/studio/collection/images/edwynn.jpg
1960,Actor in a Supporting Role,Chill Wills,The Alamo,https://kaway169.github.io/ci19/studio/collection/images/chillwills.jpg
1961,Actor in a Supporting Role,Montgomery Clift,Judgment at Nuremberg,https://kaway169.github.io/ci19/studio/collection/images/montgomeryclift.gif
1961,Actor in a Supporting Role,George C. Scott,The Hustler,https://kaway169.github.io/ci19/studio/collection/images/georgecscott.jpg
1963,Actor in a Supporting Role,Melvyn Douglas,Hud,https://kaway169.github.io/ci19/studio/collection/images/melvyndouglas.jpg
1966,Actor in a Supporting Role,Walter Matthau,The Fortune Cookie,https://kaway169.github.io/ci19/studio/collection/images/waltermatthau.jpg
1967,Actor in a Supporting Role,Michael J. Pollard,Bonnie and Clyde,https://kaway169.github.io/ci19/studio/collection/images/michaeljpollard.jpg
1969,Actor in a Supporting Role,Jack Nicholson,Easy Rider,https://kaway169.github.io/ci19/studio/collection/images/jacknicholson.jpg
1970,Actor in a Supporting Role,John Marley,Love Story,https://kaway169.github.io/ci19/studio/collection/images/johnmarley.jpg
1971,Actor in a Supporting Role,Jeff Bridges,The Last Picture Show,https://kaway169.github.io/ci19/studio/collection/images/jeffbridges.jpg
1971,Actor in a Supporting Role,Roy Scheider,The French Connection,https://kaway169.github.io/ci19/studio/collection/images/royscheider.jpg
1972,Actor in a Supporting Role,Al Pacino,The Godfather,https://kaway169.github.io/ci19/studio/collection/images/alpacino.jpg
1974,Actor in a Supporting Role,Jeff Bridges,Thunderbolt and Lightfoot,https://kaway169.github.io/ci19/studio/collection/images/jeffbridges.jpg
1978,Actor in a Supporting Role,Richard Farnsworth,Comes a Horseman,https://kaway169.github.io/ci19/studio/collection/images/richardfarnsworth.jpg
1979,Actor in a Supporting Role,Melvyn Douglas,Being There,https://kaway169.github.io/ci19/studio/collection/images/melvyndouglas.jpg
1979,Actor in a Supporting Role,Mickey Rooney,The Black Stallion,https://kaway169.github.io/ci19/studio/collection/images/mickeyrooney.gif
1981,Actor in a Supporting Role,Jack Nicholson,Reds,https://kaway169.github.io/ci19/studio/collection/images/jacknicholson.jpg
1983,Actor in a Supporting Role,Jack Nicholson,Terms of Endearment,https://kaway169.github.io/ci19/studio/collection/images/jacknicholson.jpg
1986,Actor in a Supporting Role,Willem Dafoe,Platoon,https://kaway169.github.io/ci19/studio/collection/images/willemdafoe.jpg
1989,Actor in a Supporting Role,Marlon Brando,A Dry White Season,https://kaway169.github.io/ci19/studio/collection/images/marlonbrando.gif
1990,Actor in a Supporting Role,Al Pacino,Dick Tracy,https://kaway169.github.io/ci19/studio/collection/images/alpacino.jpg
1991,Actor in a Supporting Role,Tommy Lee Jones,JFK,https://kaway169.github.io/ci19/studio/collection/images/tommyleejones.jpg
1992,Actor in a Supporting Role,Jack Nicholson,A Few Good Men,https://kaway169.github.io/ci19/studio/collection/images/jacknicholson.jpg
1992,Actor in a Supporting Role,Al Pacino,Glengarry Glen Ross,https://kaway169.github.io/ci19/studio/collection/images/alpacino.jpg
1993,Actor in a Supporting Role,Tommy Lee Jones,The Fugitive,https://kaway169.github.io/ci19/studio/collection/images/tommyleejones.jpg
1993,Actor in a Supporting Role,Leonardo DiCaprio,What's Eating Gilbert Grape,https://kaway169.github.io/ci19/studio/collection/images/leonardodicaprio.gif
1995,Actor in a Supporting Role,Brad Pitt,12 Monkeys,https://kaway169.github.io/ci19/studio/collection/images/bradpitt.jpg
1999,Actor in a Supporting Role,Tom Cruise,Magnolia,https://kaway169.github.io/ci19/studio/collection/images/tomcruise.jpg
2000,Actor in a Supporting Role,Jeff Bridges,The Contender,https://kaway169.github.io/ci19/studio/collection/images/jeffbridges.jpg
2000,Actor in a Supporting Role,Willem Dafoe,Shadow of the Vampire,https://kaway169.github.io/ci19/studio/collection/images/willemdafoe.jpg
2001,Actor in a Supporting Role,Jon Voight,Ali,https://kaway169.github.io/ci19/studio/collection/images/jonvoight.gif
2002,Actor in a Supporting Role,Paul Newman,Road to Perdition,https://kaway169.github.io/ci19/studio/collection/images/paulnewman.gif
2005,Actor in a Supporting Role,George Clooney,Syriana,https://kaway169.github.io/ci19/studio/collection/images/georgeclooney.jpg
2005,Actor in a Supporting Role,William Hurt,A History of Violence,https://kaway169.github.io/ci19/studio/collection/images/williamhurt.jpg
2006,Actor in a Supporting Role,Alan Arkin,Little Miss Sunshine,https://kaway169.github.io/ci19/studio/collection/images/alanarkin.gif
2008,Actor in a Supporting Role,Robert Downey Jr.,Tropic Thunder,https://kaway169.github.io/ci19/studio/collection/images/robertdowneyjr.png
2009,Actor in a Supporting Role,Matt Damon,Invictus,https://kaway169.github.io/ci19/studio/collection/images/mattdamon.jpg
2010,Actor in a Supporting Role,Mark Ruffalo,The Kids Are All Right,https://kaway169.github.io/ci19/studio/collection/images/markruffalo.jpg
2012,Actor in a Supporting Role,Alan Arkin,Argo,https://kaway169.github.io/ci19/studio/collection/images/alanarkin.gif
2012,Actor in a Supporting Role,Tommy Lee Jones,Lincoln,https://kaway169.github.io/ci19/studio/collection/images/tommyleejones.jpg
2013,Actor in a Supporting Role,Bradley Cooper,American Hustle,https://kaway169.github.io/ci19/studio/collection/images/bradleycooper.jpg
2014,Actor in a Supporting Role,Mark Ruffalo,Foxcatcher,https://kaway169.github.io/ci19/studio/collection/images/markruffalo.jpg
2015,Actor in a Supporting Role,Mark Ruffalo,Spotlight,https://kaway169.github.io/ci19/studio/collection/images/markruffalo.jpg
2016,Actor in a Supporting Role,Jeff Bridges,Hell or High Water,https://kaway169.github.io/ci19/studio/collection/images/jeffbridges.jpg
2017,Actor in a Supporting Role,Willem Dafoe,The Florida Project,https://kaway169.github.io/ci19/studio/collection/images/willemdafoe.jpg
2017,Actor in a Supporting Role,Richard Jenkins,The Shape of Water,https://kaway169.github.io/ci19/studio/collection/images/richardjenkins.jpg
1936,Actress in a Supporting Role,Alice Brady,My Man Godfrey,https://kaway169.github.io/ci19/studio/collection/images/alicebrady.jpg
1937,Actress in a Supporting Role,Alice Brady,In Old Chicago,https://kaway169.github.io/ci19/studio/collection/images/alicebrady.jpg
1937,Actress in a Supporting Role,Claire Trevor,Dead End,https://kaway169.github.io/ci19/studio/collection/images/clairetrevor.jpg
1939,Actress in a Supporting Role,Edna May Oliver,Drums Along the Mohawk,https://kaway169.github.io/ci19/studio/collection/images/ednamayoliver.jpg
1940,Actress in a Supporting Role,Ruth Hussey,The Philadelphia Story,https://kaway169.github.io/ci19/studio/collection/images/ruthhussey.jpg
1941,Actress in a Supporting Role,Teresa Wright,The Little Foxes,https://kaway169.github.io/ci19/studio/collection/images/teresawright.jpg
1941,Actress in a Supporting Role,Mary Astor,The Great Lie,https://kaway169.github.io/ci19/studio/collection/images/maryastor.jpg
1942,Actress in a Supporting Role,Teresa Wright,Mrs. Miniver,https://kaway169.github.io/ci19/studio/collection/images/teresawright.jpg
1943,Actress in a Supporting Role,Anne Revere,The Song of Bernadette,https://kaway169.github.io/ci19/studio/collection/images/annerevere.jpg
1944,Actress in a Supporting Role,Ethel Barrymore,None but the Lonely Heart,https://kaway169.github.io/ci19/studio/collection/images/ethelbarrymore.jpg
1944,Actress in a Supporting Role,Jennifer Jones,Since You Went Away,https://kaway169.github.io/ci19/studio/collection/images/jenniferjones.jpg
1945,Actress in a Supporting Role,Anne Revere,National Velvet,https://kaway169.github.io/ci19/studio/collection/images/annerevere.jpg
1946,Actress in a Supporting Role,Ethel Barrymore,The Spiral Staircase,https://kaway169.github.io/ci19/studio/collection/images/ethelbarrymore.jpg
1947,Actress in a Supporting Role,Ethel Barrymore,The Paradine Case,https://kaway169.github.io/ci19/studio/collection/images/ethelbarrymore.jpg
1947,Actress in a Supporting Role,Gloria Grahame,Crossfire,https://kaway169.github.io/ci19/studio/collection/images/gloriagrahame.jpg
1947,Actress in a Supporting Role,Anne Revere,Gentleman's Agreement,https://kaway169.github.io/ci19/studio/collection/images/annerevere.jpg
1948,Actress in a Supporting Role,Claire Trevor,Key Largo,https://kaway169.github.io/ci19/studio/collection/images/clairetrevor.jpg
1949,Actress in a Supporting Role,Ethel Barrymore,Pinky,https://kaway169.github.io/ci19/studio/collection/images/ethelbarrymore.jpg
1950,Actress in a Supporting Role,Nancy Olson,Sunset Boulevard,https://kaway169.github.io/ci19/studio/collection/images/nancyolson.jpg
1952,Actress in a Supporting Role,Gloria Grahame,The Bad and the Beautiful,https://kaway169.github.io/ci19/studio/collection/images/gloriagrahame.jpg
1954,Actress in a Supporting Role,Claire Trevor,The High and the Mighty,https://kaway169.github.io/ci19/studio/collection/images/clairetrevor.jpg
1955,Actress in a Supporting Role,Natalie Wood,Rebel Without a Cause,https://kaway169.github.io/ci19/studio/collection/images/nataliewood.jpg
1956,Actress in a Supporting Role,Patty McCormack,The Bad Seed,https://kaway169.github.io/ci19/studio/collection/images/pattymccormack.jpg
1960,Actress in a Supporting Role,Shirley Knight,The Dark at the Top of the Stairs,https://kaway169.github.io/ci19/studio/collection/images/shirleyknight.jpg
1962,Actress in a Supporting Role,Shirley Knight,Sweet Bird of Youth,https://kaway169.github.io/ci19/studio/collection/images/shirleyknight.jpg
1965,Actress in a Supporting Role,Ruth Gordon,Inside Daisy Clover,https://kaway169.github.io/ci19/studio/collection/images/ruthgordon.jpg
1966,Actress in a Supporting Role,Sandy Dennis,Who's Afraid of Virginia Woolf?,https://kaway169.github.io/ci19/studio/collection/images/sandydennis.jpeg
1967,Actress in a Supporting Role,Estelle Parsons,Bonnie and Clyde,https://kaway169.github.io/ci19/studio/collection/images/estelleparsons.jpg
1967,Actress in a Supporting Role,Carol Channing,Thoroughly Modern Millie,https://kaway169.github.io/ci19/studio/collection/images/carolchanning.jpg
1968,Actress in a Supporting Role,Ruth Gordon,Rosemary's Baby,https://kaway169.github.io/ci19/studio/collection/images/ruthgordon.jpg
1968,Actress in a Supporting Role,Estelle Parsons,Rachel Rachel,https://kaway169.github.io/ci19/studio/collection/images/estelleparsons.jpg
1974,Actress in a Supporting Role,Diane Ladd,Alice Doesn't Live Here Anymore,https://kaway169.github.io/ci19/studio/collection/images/dianeladd.jpg
1976,Actress in a Supporting Role,Piper Laurie,Carrie,https://kaway169.github.io/ci19/studio/collection/images/piperlaurie.jpg
1977,Actress in a Supporting Role,Melinda Dillon,Close Encounters of the Third Kind,https://kaway169.github.io/ci19/studio/collection/images/melindadillon.jpg
1978,Actress in a Supporting Role,Meryl Streep,The Deer Hunter,https://kaway169.github.io/ci19/studio/collection/images/merylstreep.gif
1979,Actress in a Supporting Role,Meryl Streep,Kramer vs. Kramer,https://kaway169.github.io/ci19/studio/collection/images/merylstreep.gif
1980,Actress in a Supporting Role,Mary Steenburgen,Melvin and Howard,https://kaway169.github.io/ci19/studio/collection/images/marysteenburgen.jpg
1980,Actress in a Supporting Role,Eileen Brennan,Private Benjamin,https://kaway169.github.io/ci19/studio/collection/images/eileenbrennan.png
1980,Actress in a Supporting Role,Cathy Moriarty,Raging Bull,https://kaway169.github.io/ci19/studio/collection/images/cathymoriarty.jpg
1981,Actress in a Supporting Role,Melinda Dillon,Absence of Malice,https://kaway169.github.io/ci19/studio/collection/images/melindadillon.jpg
1981,Actress in a Supporting Role,Elizabeth McGovern,Ragtime,https://kaway169.github.io/ci19/studio/collection/images/elizabethmcgovern.jpg
1982,Actress in a Supporting Role,Jessica Lange,Tootsie,https://kaway169.github.io/ci19/studio/collection/images/jessicalange.jpg
1982,Actress in a Supporting Role,Glenn Close,The World According to Garp,https://kaway169.github.io/ci19/studio/collection/images/glennclose.jpg
1982,Actress in a Supporting Role,Kim Stanley,Frances,https://kaway169.github.io/ci19/studio/collection/images/kimstanley.jpg
1983,Actress in a Supporting Role,Cher,Silkwood,https://kaway169.github.io/ci19/studio/collection/images/cher.jpg
1983,Actress in a Supporting Role,Glenn Close,The Big Chill,https://kaway169.github.io/ci19/studio/collection/images/glennclose.jpg
1984,Actress in a Supporting Role,Glenn Close,The Natural,https://kaway169.github.io/ci19/studio/collection/images/glennclose.jpg
1986,Actress in a Supporting Role,Dianne Wiest,Hannah and Her Sisters,https://kaway169.github.io/ci19/studio/collection/images/diannewiest.jpg
1986,Actress in a Supporting Role,Piper Laurie,Children of a Lesser God,https://kaway169.github.io/ci19/studio/collection/images/piperlaurie.jpg
1989,Actress in a Supporting Role,Julia Roberts,Steel Magnolias,https://kaway169.github.io/ci19/studio/collection/images/juliaroberts.jpg
1989,Actress in a Supporting Role,Dianne Wiest,Parenthood,https://kaway169.github.io/ci19/studio/collection/images/diannewiest.jpg
1990,Actress in a Supporting Role,Annette Bening,The Grifters,https://kaway169.github.io/ci19/studio/collection/images/annettebening.jpg
1990,Actress in a Supporting Role,Diane Ladd,Wild at Heart,https://kaway169.github.io/ci19/studio/collection/images/dianeladd.jpg
1991,Actress in a Supporting Role,Diane Ladd,Rambling Rose,https://kaway169.github.io/ci19/studio/collection/images/dianeladd.jpg
1993,Actress in a Supporting Role,Holly Hunter,The Firm,https://kaway169.github.io/ci19/studio/collection/images/hollyhunter.jpg
1994,Actress in a Supporting Role,Dianne Wiest,Bullets over Broadway,https://kaway169.github.io/ci19/studio/collection/images/diannewiest.jpg
1995,Actress in a Supporting Role,Joan Allen,Nixon,https://kaway169.github.io/ci19/studio/collection/images/joanallen.jpg
1996,Actress in a Supporting Role,Joan Allen,The Crucible,https://kaway169.github.io/ci19/studio/collection/images/joanallen.jpg
1997,Actress in a Supporting Role,Julianne Moore,Boogie Nights,https://kaway169.github.io/ci19/studio/collection/images/juliannemoore.jpg
1999,Actress in a Supporting Role,Angelina Jolie,Girl Interrupted,https://kaway169.github.io/ci19/studio/collection/images/angelinajolie.jpg
2000,Actress in a Supporting Role,Frances McDormand,Almost Famous,https://kaway169.github.io/ci19/studio/collection/images/francesmcdormand.jpg
2002,Actress in a Supporting Role,Julianne Moore,The Hours,https://kaway169.github.io/ci19/studio/collection/images/juliannemoore.jpg
2002,Actress in a Supporting Role,Meryl Streep,Adaptation,https://kaway169.github.io/ci19/studio/collection/images/merylstreep.gif
2003,Actress in a Supporting Role,Holly Hunter,Thirteen,https://kaway169.github.io/ci19/studio/collection/images/hollyhunter.jpg
2004,Actress in a Supporting Role,Natalie Portman,Closer,https://kaway169.github.io/ci19/studio/collection/images/natalieportman.jpg
2005,Actress in a Supporting Role,Amy Adams,Junebug,https://kaway169.github.io/ci19/studio/collection/images/amyadams.gif
2005,Actress in a Supporting Role,Frances McDormand,North Country,https://kaway169.github.io/ci19/studio/collection/images/francesmcdormand.jpg
2005,Actress in a Supporting Role,Michelle Williams,Brokeback Mountain,https://kaway169.github.io/ci19/studio/collection/images/michellewilliams.gif
2008,Actress in a Supporting Role,Amy Adams,Doubt,https://kaway169.github.io/ci19/studio/collection/images/amyadams.gif
2009,Actress in a Supporting Role,Vera Farmiga,Up in the Air,https://kaway169.github.io/ci19/studio/collection/images/verafarmiga.jpg
2009,Actress in a Supporting Role,Anna Kendrick,Up in the Air,https://kaway169.github.io/ci19/studio/collection/images/annakendrick.jpg
2010,Actress in a Supporting Role,Melissa Leo,The Fighter,https://kaway169.github.io/ci19/studio/collection/images/melissaleo.jpg
2010,Actress in a Supporting Role,Amy Adams,The Fighter,https://kaway169.github.io/ci19/studio/collection/images/amyadams.gif
2010,Actress in a Supporting Role,Hailee Steinfeld,True Grit,https://kaway169.github.io/ci19/studio/collection/images/haileesteinfeld.jpg
2011,Actress in a Supporting Role,Jessica Chastain,The Help,https://kaway169.github.io/ci19/studio/collection/images/jessicachastain.jpg
2011,Actress in a Supporting Role,Melissa McCarthy,Bridesmaids,https://kaway169.github.io/ci19/studio/collection/images/melissamccarthy.jpg
2012,Actress in a Supporting Role,Anne Hathaway,Les MisÃ©rables,https://kaway169.github.io/ci19/studio/collection/images/annehathaway.jpg
2012,Actress in a Supporting Role,Amy Adams,The Master,https://kaway169.github.io/ci19/studio/collection/images/amyadams.gif
2012,Actress in a Supporting Role,Sally Field,Lincoln,https://kaway169.github.io/ci19/studio/collection/images/sallyfield.jpg
2012,Actress in a Supporting Role,Helen Hunt,The Sessions,https://kaway169.github.io/ci19/studio/collection/images/helenhunt.jpg
2013,Actress in a Supporting Role,Jennifer Lawrence,American Hustle,https://kaway169.github.io/ci19/studio/collection/images/jenniferlawrence.gif
2013,Actress in a Supporting Role,Julia Roberts,August: Osage County,https://kaway169.github.io/ci19/studio/collection/images/juliaroberts.jpg
2013,Actress in a Supporting Role,June Squibb,Nebraska,https://kaway169.github.io/ci19/studio/collection/images/junesquibb.jpg
2014,Actress in a Supporting Role,Patricia Arquette,Boyhood,https://kaway169.github.io/ci19/studio/collection/images/patriciaarquette.jpg
2014,Actress in a Supporting Role,Laura Dern,Wild,https://kaway169.github.io/ci19/studio/collection/images/lauradern.jpg
2014,Actress in a Supporting Role,Emma Stone,Birdman,https://kaway169.github.io/ci19/studio/collection/images/emmastone.gif
2014,Actress in a Supporting Role,Meryl Streep,Into the Woods,https://kaway169.github.io/ci19/studio/collection/images/merylstreep.gif
2015,Actress in a Supporting Role,Jennifer Jason Leigh,The Hateful Eight,https://kaway169.github.io/ci19/studio/collection/images/jenniferjasonleigh.gif
2015,Actress in a Supporting Role,Rooney Mara,Carol,https://kaway169.github.io/ci19/studio/collection/images/rooneymara.jpg
2016,Actress in a Supporting Role,Michelle Williams,Manchester by the Sea,https://kaway169.github.io/ci19/studio/collection/images/michellewilliams.gif
2017,Actress in a Supporting Role,Allison Janney,I Tonya,https://kaway169.github.io/ci19/studio/collection/images/allisonjanney.gif
2017,Actress in a Supporting Role,Laurie Metcalf,Lady Bird,https://kaway169.github.io/ci19/studio/collection/images/lauriemetcalf.gif
2018,Actress in a Supporting Role,Amy Adams,Vice,https://kaway169.github.io/ci19/studio/collection/images/amyadams.gif
2018,Actress in a Supporting Role,Emma Stone,The Favourite,https://kaway169.github.io/ci19/studio/collection/images/emmastone.gif